deliberation,FOR: NationalHolidayVoting (bool),AGAINST: NationalHolidayVoting (bool),FOR: VoteAt16 (bool),AGAINST: VoteAt16 (bool),FOR: AccountabilityInPolitics (bool),AGAINST: AccountabilityInPolitics (bool),FOR: ExamineCorpPolDonations (bool),AGAINST: ExamineCorpPolDonations (bool),FOR: BanCorpPolDonations (bool),AGAINST: BanCorpPolDonations (bool),FOR: EqualDonationLimits (bool),AGAINST: EqualDonationLimits (bool),FOR: IndividualRightsOverCorp (bool),AGAINST: IndividualRightsOverCorp (bool),other (bool),notRelevant (bool)
test3/EVALUATED20230604-a1r-nc-session4-n_transcript.csv,0.04878048780487805,0.0,0.0,0.024390243902439025,0.07317073170731707,0.0,0.07317073170731707,0.0975609756097561,0.0,0.0,0.024390243902439025,0.0,0.024390243902439025,0.024390243902439025,0.14634146341463414,0.4634146341463415
test3/EVALUATED20230615-a1r-nc-session4-d_transcript.csv,0.034482758620689655,0.034482758620689655,0.034482758620689655,0.034482758620689655,0.034482758620689655,0.0,0.1206896551724138,0.13793103448275862,0.017241379310344827,0.017241379310344827,0.017241379310344827,0.017241379310344827,0.05172413793103448,0.017241379310344827,0.15517241379310345,0.27586206896551724
